{"address": "0xd8da6bf26964af9d7eed9e03e53415d37aa96045", "tx_count": 10, "has_activity": true, "tx_out_count": 0, "tx_in_count": 10, "in_out_ratio": 10.0, "unique_to_addresses": 1, "unique_from_addresses": 9, "gas_price_mean": 0.0288706367, "gas_price_std": 0.028741596232916247, "tx_value_mean": 7.010000000000001e-05, "tx_value_sum": 0.000701, "account_age_days": 1.4231799371292193, "tx_interval_mean": 13069.333333333334, "new_account": true, "no_activity": false}